id,id_author,university
0,0,"University College London, London, London, GB"
1,1,"UFMG, Belo Horizonte, Brazil"
2,2,"Washington Univ. in St. Louis, St. Louis, MO, USA"
3,3,"Univ. of Waterloo, Waterloo, ON, Canada"
4,4,"University of Bern, Switzerland"
5,5,"University of Bern, Switzerland"
6,6,"Inselspital, Switzerland"
7,7,"Inselspital, Switzerland"
8,8,"Universidade Federal do Espirito Santo, Vitoria, ES, BR"
9,9,"Universidade Federal do Espirito Santo, Vitoria, ES, BR"
10,10,"Dept. of Appl. Comput. (DCOM), Universidade Federal de Santa Maria, Santa Maria, RS, BR"
11,11,"Department of Applied Computing (DCOM), Federal University of Santa Maria, Santa Maria, Brazil"
12,12,"Department of Computer Science, University Of Calgary, Canada"
13,13,"Department of Computer Science, University Of Calgary, Canada"
14,14,"Department of Computer Science, University Of Calgary, Canada"
15,15,"IMPA, Instituto Nacional de Matemática Pura e Aplicada, Brazil"
16,16,"IMPA Inst. Nac. de Mat. Pura e Aplic., Brazil"
17,17,"Instituto de Ciências Matemáticas e de Computação, University of São Paulo, São Carlos, Brazil"
18,18,"Instituto de Ciências Matemáticas e de Computação, University of São Paulo, São Carlos, Brazil"
19,19,"Instituto de Ciências Matemáticas e de Computação, University of São Paulo, São Carlos, Brazil"
20,20,"Universidade de Sao Paulo, Sao Paulo, São Paulo, BR"
21,21,"Instituto de Informática, Universidade Federal do Rio Grande do Sul, Porto Alegre, Brazil"
22,22,"Instituto de Informática, Universidade Federal do Rio Grande do Sul, Porto Alegre, Brazil"
23,23,"Dept. of Comput. Eng. & Ind. Autom., Universidade Estadual de Campinas, Campinas, SP, BR"
24,24,"Dept. of Computer Engineering and Industrial Automation, University of Campinas, SP, Brazil"
25,25,"Dept. of Computer Engineering and Industrial Automation, University of Campinas, SP, Brazil"
26,26,"Department of Neurology, University of Campinas, SP, Brazil"
27,27,"Department of Neurology, University of Campinas, SP, Brazil"
28,28,"Department of Neurology, University of Campinas, SP, Brazil"
29,29,"UFRGS, Instituto de Informática, Porto Alegre, Brazil"
30,30,"UFRGS, Instituto de Informática, Porto Alegre, Brazil"
31,31,"Computer Science Department, Federal University of Ouro Preto, Ouro Preto, MG, Brazil"
32,32,"Computer Science Department, Universidade Federal de Ouro Preto, Ouro Preto, MG, BR"
33,33,"Universidade de Sao Paulo, Sao Paulo, São Paulo, BR"
34,34,"ICMC, USP, São Carlos"
35,35,"Dept. of Mathematics, UFES, Vitória"
36,36,"FACOM, UFMS, Campo Grande"
37,37,"ICMC, USP, São Carlos"
38,38,"Department of Theoretical and Applied Sciences, University of Insubria, Varese, Italy"
39,39,"Department of Theoretical and Applied Sciences, University of Insubria, Varese, Italy"
40,40,"Department of Theoretical and Applied Sciences, University of Insubria, Varese, Italy"
41,41,"TU Braunschweig, Braunschweig, Germany"
42,42,"TU Braunschweig, Braunschweig, Germany"
43,43,"TU Braunschweig, Braunschweig, Germany"
44,44,"COPPE, Laboratório de Computação Gráfica (LCG)"
45,45,"COPPE, Laboratório de Computação Gráfica (LCG)"
46,46,"COPPE, Laboratório de Computação Gráfica (LCG)"
47,47,"Department of Electronics and Computer Engineering, Hanyang University, Seoul, Korea"
48,48,"Department of Electronics and Computer Engineering, Hanyang University, Seoul, Korea"
49,49,"Department of Embedded Systems Engineering, Incheon National University, Incheon, Korea"
50,50,"Universidade Federal de Santa Maria, Santa Maria, RS, BR"
51,51,"Universidade Federal de Santa Maria, Santa Maria, Brazil"
52,52,"Universidade Federal de Santa Maria, Santa Maria, Brazil"
53,53,"Universidade Federal da Fronteira Sul, Chapecó, Brazil"
54,54,"FACOM - UFMS, Campo Grande, MS, Brazil"
55,55,"Institute of Computing, University of Campinas, Campinas, SP, Brazil"
56,56,"FACOM - UFMS, Campo Grande, MS, Brazil"
57,57,"Departamento de Computação, Universidade Federal do Piauí, Teresina, PI, Brasil"
58,58,"Departamento de Computação, Universidade Federal do Piauí, Teresina, PI, Brasil"
59,59,"Departamento de Computação, Universidade Federal do Piauí, Teresina, PI, Brasil"
60,60,"Dept. de Comput., Universidade Federal do Piaui, Teresina, Piauí, BR"
61,61,"University of Western São Paulo - (UNOESTE), Presidente Prudente, Brazil"
62,62,"University of the Andes, Santiago, Chile"
63,63,"São Paulo State University - (UNESP), Bauru, Brazil"
64,64,"Department of Mathematics, PUC-Rio, Rio de Janeiro, Brazil"
65,64,"LIX, École Polytechnique, Paris, France"
66,64,"UFAL, Institute of Mathematics, Maceió, Brazil"
67,65,"UFAL, Institute of Mathematics, Maceió, Brazil"
68,66,"LIX, École Polytechnique, Paris, France"
69,67,"Department of Mathematics, PUC-Rio, Rio de Janeiro, Brazil"
70,68,"Departamento de Sistemas de Informação, Universidade Federal do Piauí – UFPI, Picos, Brasil"
71,69,"Departamento de Computação, Universidade Federal do Piauí – UFPI, Teresina, Brasil"
72,70,"Departamento de Computação, Universidade Federal do Piauí – UFPI, Teresina, Brasil"
73,71,"Department of Computer Science, Federal University of Bahia (UFBA), Bahia, Brazil"
74,72,"Department of Computer Science, Universidade Federal da Bahia, Salvador, BA, BR"
75,73,"Dept. de Cienc. da Comput., Univ. Fed. de Minas Gerais, Brazil"
76,74,"Instituto de Ciências Exatas e Informática, Pontifícia Universidade Católica de Minas Gerais, Belo Horizonte, Brazil"
77,75,"Departamento de Ciência da Computação, Universidade Federal de Minas Gerais, Belo Horizonte, Brazil"
78,76,"Dept. de Cienc. da Comput., Univ. Fed. de Minas Gerais, Brazil"
79,77,"Polytechnic School of Engineering, New York University"
80,78,"Polytechnic School of Engineering, New York University"
81,79,"Polytechnic School of Engineering, New York University"
82,80,"UFRGS, Instituto de Informática"
83,81,AT&T Research
84,82,"Institute of Computing, University of Campinas, Campinas, Brazil"
85,83,"Department of Computer Engineering, Federal Technological University of Parana, Cornelio Procopio, Brazil"
86,83,"Institute of Computing, University of Campinas, Campinas, Brazil"
87,84,"Institute of Computing, University of Campinas, Campinas, Brazil"
88,85,"Inst. of Comput., Universidade Estadual de Campinas, Campinas, SP, BR"
89,86,"Dept. of Comput. Sci., Universidade Federal de Minas Gerais, Belo Horizonte, MG, BR"
90,87,"Department of Systems and Computer Networks, Wroclaw University of Technology, Wroclaw, Poland"
91,88,"Department of Systems and Computer Networks, Wroclaw University of Technology, Wroclaw, Poland"
92,89,"Department of Computer Science, Universidade Federal de Minas Gerais, Belo Horizonte, MG, BR"
93,90,"Department of Computer Science, Universidade Federal de Minas Gerais, Belo Horizonte, Brazil"
94,91,"Department of Computer Science, Campus Universitário Darcy Ribeiro, Brasília, DF, Brazil"
95,92,"Department of Computer Science, Campus Universitário Darcy Ribeiro, Brasília, DF, Brazil"
96,93,"Department of Electrical Engineering, Campus Universitário Darcy Ribeiro, Brasília, DF, Brazil"
97,94,"Department of Computer Science, University of Brasília (UnB), Brasília, Brazil"
98,95,"Department of Electrical Engineering, University of Brasília (UnB), Brasília, Brazil"
99,96,"Department of Computer Science, University of Brasília (UnB), Brasilia, DF, BR"
100,97,"UFRGS, Federal University of Rio Grande do Sul, Porto Alegre, RS, Brazil"
101,98,"UFRGS, Federal University of Rio Grande do Sul, Porto Alegre, RS, Brazil"
102,99,"Inria, CNRS, Univ. Grenoble Alpes, Grenoble, France"
103,100,"Dept. de Mat. Aplic. e Estaistica, Universidade de Sao Paulo, Sao Paulo, São Paulo, BR"
104,101,"Departamento de Matemática Aplicada e Estatística, Universidade de São Paulo"
105,102,"Departamento de Matemática Aplicada e Estatística, Universidade de São Paulo"
106,103,"Department of Computer Engineering and Automation, Federal University of Rio Grande do Norte, Natal, Brazil"
107,104,"Department of Computer Engineering and Automation, Federal University of Rio Grande do Norte, Natal, Brazil"
108,105,"Department of Computing, Universidade Federal do Ceara, Fortaleza, CE, BR"
109,106,"Department of Computing, Federal University of Ceará, Fortaleza, CE, Brazil"
110,107,"Department of Computing, Universidade Federal do Ceara, Fortaleza, CE, BR"
111,108,"Department of Computing, Universidade Federal do Ceara, Fortaleza, CE, BR"
112,109,"Department of Computing, Federal University of Ceará, Fortaleza, CE, Brazil"
113,110,"Dept. of Stat., Appl. Math. & Comput., State Univ. of Sao Paulo (UNESP), Brazil"
114,111,"Recod Lab - Institute of Computing, University of Campinas (UNICAMP), Campinas, SP, Brazil"
115,111,"Department of Exact Sciences, University of Feira de Santana (UEFS), Feira de Santana, BA, Brazil"
116,112,"Recod Lab. - Inst. of Comput., Universidade Estadual de Campinas, Campinas, SP, BR"
117,113,"Department of Electrical Engineering, FEI, São Paulo, Brazil"
118,114,"Department of Electrical Engineering, FEI, São Paulo, Brazil"
119,115,"Res. in Artificial & Natural Intell., Brazil"
120,116,"Department of Medical Informatics, FMUSP, São Paulo, Brazil"
121,117,"Department of Computing, UFSCar - Federal University of São Carlos, São Carlos, SP, Brazil"
122,118,"Department of Computing, UNEMAT - Univ State of Mato Grosso, Alto Araguaia, MT, Brazil"
123,119,"Institute of Computing, University of Campinas, Campinas, SP, Brazil"
124,120,"Department of Computing, UNESP - Univ Estadual Paulista, Bauru, SP, Brazil"
125,121,"Department of Computing, UNESP - Univ Estadual Paulista, Bauru, SP, Brazil"
126,122,"COPPE/UFRJ, Computer Graphics Lab"
127,123,"COPPE/UFRJ, Computer Graphics Lab"
128,124,"COPPE/UFRJ, Computer Graphics Lab"
129,125,"Department of Periodontology, School of Dentistry"
130,126,"Department of Periodontology, School of Dentistry"
131,127,"Department of Medicine, Harvard Medical School, Boston, MA, US"
132,127,"Department of Informatics, Federal University of Parana, Brazil"
133,128,"Department of Medicine, Harvard Medical School, Boston, MA, US"
134,129,"Dept. of Med., Med. Sch., Center for Biomed. Eng., Harvard Medical School, Boston, MA, US"
135,130,"INCoD - National Brazilian Institute for Digital Convergence, Federal University of Santa Catarina, Brazil"
136,131,"Dept. of Inf., Universidade Federal do Parana, Curitiba, PR, BR"
137,132,"Department of Medicine, Harvard Medical School, Boston, MA, US"
138,132,"Harvard-MIT Health Sciences and Technology Division, Massachusetts Institute of Technology, Cambridge, MA, US"
139,133,"Centro de Informtica, Federal University of Pernambuco - UFPE, Brazil"
140,134,"Centro de Informtica, Fed. Univ. of Pernambuco - UFPE, Recife, Brazil"
141,135,"Universidade Federal Rural de Pernambuco, Recife, PE, BR"
142,136,"Departament of Physics, University of Antwerp, Antwerp, Belgium"
143,137,"Centro de Inf., Universidade Federal de Pernambuco, Recife, PE, BR"
144,138,"Centro de Informática, Universidade Federal de Pernambuco, Recife, Brasil"
145,139,"Departament of Physics, University of Antwerp, Antwerp, Belgium"
146,140,"Universidade Estadual de Campinas, Campinas, SP, BR"
147,141,"Institute of Computing (IC), University of Campinas (UNICAMP), Campinas, SP, Brazil"
148,142,"Institute of Computing (IC), University of Campinas (UNICAMP), Campinas, SP, Brazil"
149,143,"Comput. Dept. (DECOM), Universidade Federal de Ouro Preto, Ouro Preto, MG, BR"
150,144,"Dept. of Comput. Sci., Universidade de Sao Paulo, Sao Paulo, São Paulo, BR"
151,145,"Department of Computer Science, University of São Paulo (USP), São Paulo, SP, Brazil"
152,146,"Inst. of Math. & Stat., Universidade de Sao Paulo, Sao Paulo, São Paulo, BR"
153,147,"Inst. of Math. & Stat., Universidade de Sao Paulo, Sao Paulo, São Paulo, BR"
154,148,"Inst. of Math. & Stat, Universidade de Sao Paulo, Sao Paulo, São Paulo, BR"
155,149,"Institute of Mathematics and Statistics, University of São Paulo, São Paulo, Brazil"
156,150,"Dept. de Cirurgia, Universidade Federal de Sao Paulo, Sao Paulo, São Paulo, BR"
157,151,"Dept. de Cirurgia, Universidade Federal de Sao Paulo, Sao Paulo, São Paulo, BR"
158,152,"Dept. de Cirurgia, Universidade Federal de Sao Paulo, Sao Paulo, São Paulo, BR"
159,153,"University of Campinas, RECOD Lab - DCA/FEEC/UNICAMP, Campinas, SP, Brazil"
160,154,"University of Campinas, RECOD Lab - DCA/FEEC/UNICAMP, Campinas, SP, Brazil"
161,155,"University of Campinas, RECOD Lab - DCA/FEEC/UNICAMP, Campinas, SP, Brazil"
162,156,"University of Campinas, RECOD Lab - DCA/FEEC/UNICAMP, Campinas, SP, Brazil"
163,157,"Department of Computer Science, Universidade Federal de Minas Gerais, Belo Horizonte, Brazil"
164,158,"Department of Computer Science, Universidade Federal de Minas Gerais, Belo Horizonte, MG, BR"
165,159,"Department of Computer Science, Universidade Federal de Minas Gerais, Belo Horizonte, Brazil"
166,160,"Comput. Sci. Dept., Pontifical Catholic Univ. of Rio de Janeiro - PUC-Rio, Rio de Janeiro, Brazil"
167,161,"Comput. Sci. Dept., Pontifical Catholic Univ. of Rio de Janeiro - PUC-Rio, Rio de Janeiro, Brazil"
168,162,"Visualization Research Center, University of Stuttgart, Germany"
169,163,"Visualization Research Center, University of Stuttgart, Germany"
170,164,"Visualization Research Center, University of Stuttgart, Germany"
