id,id_author,university
0,0,"Departamento de Informática, Pontifícia Universidade Católica do Rio de Janeiro, Rio de Janeiro, Brazil"
1,1,"Departamento de Informática, Pontifícia Universidade Católica do Rio de Janeiro, Rio de Janeiro, Brazil"
2,2,"Departamento de Informática, Pontifícia Universidade Católica do Rio de Janeiro, Rio de Janeiro, Brazil"
3,3,"Departamento de Informática, Pontifícia Universidade Católica do Rio de Janeiro, Rio de Janeiro, Brazil"
4,4,"Computer Science Department and Tecgraf Institute, Pontifical Catholic University of Rio de Janeiro - PUC-Rio, Rio de Janeiro, Brasil"
5,5,"Computer Science Department and Tecgraf Institute, Pontifical Catholic University of Rio de Janeiro - PUC-Rio, Rio de Janeiro, Brasil"
6,6,"Computer Science Department and Tecgraf Institute, Pontifical Catholic University of Rio de Janeiro - PUC-Rio, Rio de Janeiro, Brasil"
7,7,"FGV EMAp, Rio de Janeiro, Brazil"
8,8,"IMPA, Rio de Janeiro, Brazil"
9,9,"IMPA, Rio de Janeiro, Brazil"
10,10,"Dept. of Comput., Sao Paulo State Univ., Bauru, Brazil"
11,11,"Department of Computing, São Paulo State University UNESP, Bauru, SP, Brazil"
12,12,"Federal University of Amazonas - UFAM, Institute of Computing - IComp"
13,13,"Universidade Federal do Amazonas, Manaus, AM, BR"
14,14,"Institute of Science and Technology, Universidade Federal de São Paulo (UNIFESP), São José dos Campos, Brazil"
15,15,"Federal Institute of São Paulo, Campinas, Brazil"
16,16,"University of Campinas, Campinas, Brazil"
17,17,"Luiz de Queiroz College of Agriculture, University of Sao Paulo, Piracicaba, Brazil"
18,18,"Institute of Science and Technology, Universidade Federal de São Paulo (UNIFESP), São José dos Campos, Brazil"
19,19,"Instituto de Ciência e Tecnologia, Unversidade Federal de São Paulo, São José dos Campos"
20,20,"Universidade Federal de Sao Paulo, Sao Paulo, São Paulo, BR"
21,21,"Instituto de Ciência e Tecnologia, Unversidade Federal de São Paulo, São José dos Campos"
22,22,"Dept. of Comput. Sci., Fed. Inst. of Bahia, Salvador, Brazil"
23,23,"Universidade Federal da Bahia, Salvador, BA, BR"
24,24,"Dept. of Comput. Sci., Fed. Inst. of Bahia, Salvador, Brazil"
25,25,"Computaçáo Brasil, Salvador, BA, Brazil"
26,26,"Department of Computer Science, Londrina State University (UEL), Londrina, PR, Brazil"
27,27,"Department of Computer Science, Londrina State University (UEL), Londrina, PR, Brazil"
28,28,"Universidade Federal do Rio Grande, Rio Grande, RS, BR"
29,29,"Universidade Federal do Rio Grande, Rio Grande, RS, BR"
30,30,"Federal University of Rio Grande, Center for Computational Science - C3 Rio, Grande, Brazil"
31,31,"Intelligent Robotics and Automation Group - NAUTEC, Universidade Federal do Rio Grande - FURG, Rio Grande, Brazil"
32,32,"Intelligent Robotics and Automation Group - NAUTEC, Universidade Federal do Rio Grande - FURG, Rio Grande, Brazil"
33,33,"Universidade Federal do Rio Grande, Rio Grande, RS, BR"
34,34,"Intelligent Robotics and Automation Group - NAUTEC, Universidade Federal do Rio Grande - FURG, Rio Grande, Brazil"
35,35,Universidade Federal do Espírito Santo (UFES)
36,36,Universidade Federal do Espírito Santo (UFES)
37,37,Universidade Federal do Espírito Santo (UFES)
38,38,Universidade Federal do Espírito Santo (UFES)
39,39,Universidade Federal do Espírito Santo (UFES)
40,40,Universidade Federal do Espírito Santo (UFES)
41,41,"Universidade Federal de Ouro Preto, Ouro Preto, MG, BR"
42,42,"Universidade Federal de Ouro Preto, Ouro Preto, MG, BR"
43,43,"Universidade Federal de Minas Gerais, Belo Horizonte, MG, BR"
44,44,"Universidade Federal de Minas Gerais, Belo Horizonte, MG, BR"
45,45,"Universidade Federal de Minas Gerais, Belo Horizonte, MG, BR"
46,46,"Universidade Federal de Minas Gerais, Belo Horizonte, MG, BR"
47,47,"Adv. Technol., Samsung Res. Inst., Campinas, Brazil"
48,48,"Department of Computer Science, Universidade Federal de Minas, Gerais, Brazil"
49,49,"Department of Computer Science, Universidade Federal de Minas, Gerais, Brazil"
50,50,"Department of Computer Science, Universidade Federal de Minas, Gerais, Brazil"
51,51,"Laboratory of Vision, Robotics and Imaging, Universidade Federal do Paraná, Brazil"
52,52,"Laboratory of Vision, Robotics and Imaging, Universidade Federal do Paraná, Brazil"
53,53,"Department of Computer Science, Universidade Federal de Minas, Gerais, Brazil"
54,54,"Informatics Institute, Federal University of Rio Grande do Sul, Porto Alegre, Brazil"
55,55,"Informatics Institute, Federal University of Rio Grande do Sul, Porto Alegre, Brazil"
56,56,"Voxar Labs - Centro de Informática, Universidade Federal de Pernambuco, Recife, Brazil"
57,57,"Voxar Labs - Centro de Informática, Universidade Federal de Pernambuco, Recife, Brazil"
58,58,"Voxar Labs - Centro de Informática, Universidade Federal de Pernambuco, Recife, Brazil"
59,59,"Universidade Federal Rural de Pernambuco, Recife, PE, BR"
60,60,"Projeto de P&D CIn/Samsung, Universidade Federal de Pernambuco, Recife, Brazil"
61,61,"Centro de Informática, Universidade Federal de Pernambuco, Recife, Brazil"
62,62,"Universidade Federal de Pernambuco, Recife, PE, BR"
63,63,"Desenvolvimento para a Informática, Samsung Instituto de, Campinas, Brazil"
64,64,"Universidade Federal da Bahia, Salvador, BA, BR"
65,65,"Federal University of Alagoas - UFAL, Arapiraca, AL, Brazil"
66,66,"University of Groningen, Groningen, The Netherlands"
67,67,"ICMC - USP, São Carlos, SP, Brazil"
68,68,"Universidad Católica San Pablo, Arequipa, Peru"
69,69,"Universidad Católica San Pablo, Arequipa, Peru"
70,70,"University of Washington, Seattle, WA, USA"
71,71,"Fundação Getulio Vargas, Rio De Janeiro, Brazil"
72,72,"Graduate Program in Computer Science, Federal Univ. of Rio Grande do Su1, Porto Alegre, RS, Brazil"
73,73,"Institute of Informatics, Federal Univ. of Rio Grande do Su1, Porto Alegre, RS, Brazil"
74,74,"Institute of Informatics, Federal Univ. of Rio Grande do Su1, Porto Alegre, RS, Brazil"
75,75,"Johann Bernoulli Institute, University of Groningen, the Netherlands"
76,76,"Johann Bernoulli Institute, University of Groningen, the Netherlands"
77,77,"Johann Bernoulli Institute, University of Groningen, the Netherlands"
78,78,"Universidade Federal de Sao Carlos, Sao Carlos, SP, BR"
79,79,"Klinikum Augsburg III, Medizinische Klinik, Augsburg, Germany"
80,80,"Klinikum Augsburg III, Medizinische Klinik, Augsburg, Germany"
81,81,"Klinikum Augsburg III, Medizinische Klinik, Augsburg, Germany"
82,82,"Department of Computing, São Paulo State University, Bauru, Brazil"
83,83,"Regensburg Medical Image Computing, Ostbayerische Technische Hochschule Regensburg, Regensburg, Germany"
84,84,"Regensburg Medical Image Computing, Ostbayerische Technische Hochschule Regensburg, Regensburg, Germany"
85,85,"Department of Computer Science, Federal Institute of Southeast of Minas Gerais, Rio Pomba, MG, Brazil"
86,86,"Department of Computer Science, Federal Institute of Southeast of Minas Gerais, Rio Pomba, MG, Brazil"
87,87,"Radiology and Clinical Neuroscience, University of Calgary, Calgary, Canada"
88,88,"Radiology and Clinical Neuroscience, University of Calgary, Calgary, Canada"
89,89,"Radiology and Clinical Neuroscience, University of Calgary, Calgary, Canada"
90,90,"Institute of Mathematical and Computer Sciences (ICMC), University of São Paulo (USP), São Carlos, SP, Brazil"
91,91,"Institute of Mathematical and Computer Sciences (ICMC), University of São Paulo (USP), São Carlos, SP, Brazil"
92,92,"Instituto de Informática-UFRGS, Porto Alegre, RS, Brazil"
93,93,"Instituto de Informática-UFRGS, Porto Alegre, RS, Brazil"
94,94,"Department of Computer Science, Universidade Federal de Minas Gerais, Minas Gerais"
95,95,"Department of Computer Science, Universidade Federal de Minas Gerais, Minas Gerais"
96,96,"Departement of Geometrical Computing, Universiteit Utrecht, Utrecht, CC, The Netherlands"
97,97,"Departement of Geometrical Computing, Universiteit Utrecht, Utrecht, CC, The Netherlands"
98,98,"Departamento de Expressso Grafica, Universidade Federal de Santa Catarina, Florianopolis, Brazil"
99,99,"Departamento de Expressso Grafica, Universidade Federal de Santa Catarina, Florianopolis, Brazil"
100,100,"Departamento de Expressso Grafica, Universidade Federal de Santa Catarina, Florianopolis, Brazil"
101,101,"Instituto de Informática - UFRGS, Porto Alegre, RS, Brazil"
102,102,"Instituto de Informática - UFRGS, Porto Alegre, RS, Brazil"
103,103,"Tecgraf Institute and Computer Science Department, Pontifical Catholic University of Rio de Janeiro PUC-Rio, Rio de Janeiro, Brazil"
104,104,"Tecgraf Institute and Computer Science Department, Pontifical Catholic University of Rio de Janeiro PUC-Rio, Rio de Janeiro, Brazil"
105,105,"Tecgraf Institute and Computer Science Department, Pontifical Catholic University of Rio de Janeiro PUC-Rio, Rio de Janeiro, Brazil"
106,106,"Centro de Cálculo, Universidad de la República, Montevideo-Uruguay"
107,107,"Centro de Cálculo, Universidad de la República, Montevideo-Uruguay"
108,108,"Universidade Federal de Ouro Preto, Ouro Preto, Minas Gerais, Brazil"
109,109,"Department of Computer Science, Universidade Federal de Minas Gerais, Brazil"
110,110,"Department of Computer Science, Universidade Federal de Minas Gerais, Brazil"
111,111,"Universidade Federal de Ouro Preto, Ouro Preto, Minas Gerais, Brazil"
112,112,"UFSCar - Federal University of São Carlos. Rod., São Carlos, (SP), Brazil"
113,113,"UNESP - São Paulo State University, Bauru, (SP), Brazil"
114,114,"UNESP - São Paulo State University, Bauru, (SP), Brazil"
115,115,"Vsoft Tecnologia, João Pessoa, Paraiba, Brazil"
116,116,"Vsoft Tecnologia, João Pessoa, Paraiba, Brazil"
117,117,"Vsoft Tecnologia, João Pessoa, Paraiba, Brazil"
118,118,"Universidade Federal de Campina Grande, Campina Grande, PB, BR"
119,119,"Universidade Federal de Campina Grande, Campina Grande, PB, BR"
120,120,"Universidade Federal da Paraiba Centro de Ciencias da Saude, Joao Pessoa, PB, BR"
121,121,"Vsoft Tecnologia João Pessoa-PB, Brazil"
122,122,"Vsoft Tecnologia João Pessoa-PB, Brazil"
123,123,"Vsoft Tecnologia João Pessoa-PB, Brazil"
124,124,"Federal University of Campina Grande Campina Grande-PB, Brazil"
125,125,"Federal University of Campina Grande Campina Grande-PB, Brazil"
126,126,"Federal University of Paraiba João Pessoa-PB, Brazil"
127,127,"Federal University of Paraná (UFPR), Curitiba, PR, Brazil"
128,128,"Federal University of Paraná (UFPR), Curitiba, PR, Brazil"
129,129,"Federal University of Paraná (UFPR), Curitiba, PR, Brazil"
130,130,"Federal University of Paraná (UFPR), Curitiba, PR, Brazil"
131,131,"Federal University of Paraná (UFPR), Curitiba, PR, Brazil"
132,132,"Pontifical Catholic University of Paraná (PUCPR), Curitiba, PR, Brazil"
133,133,"Federal University of Paraná (UFPR), Curitiba, PR, Brazil"
134,134,"Department of Informatics, Federal University of Paraná (UFPR), Curitiba, PR, Brazil"
135,135,"Computing Department, Federal University of Ouro Preto (UFOP), Ouro Preto, MG, Brazil"
136,136,"Department of Informatics, Federal University of Paraná (UFPR), Curitiba, PR, Brazil"
137,137,"Postgraduate Program in Informatics, Pontifical Catholic University of Paraná (PUCPR), Curitiba, PR, Brazil"
138,138,"Department of Informatics, Federal University of Paraná (UFPR), Curitiba, PR, Brazil"
139,139,"Department of Informatics, Federal University of Paraná (UFPR), Curitiba, PR, Brazil"
140,140,"School of Arts, Sciences and Humanities of the University São Paulo, São Paulo, Brazil"
141,141,"School of Arts, Sciences and Humanities of the University São Paulo, São Paulo, Brazil"
142,142,"Escola Politecnica of the University of São Paulo, São Paulo, Brazil"
143,143,"Department of Computing, Federal Institute of São Paulo, Votuporanga, SP, Brazil"
144,144,"Department of Computer Sciences, Federal University of São Carlos, São Carlos, SP, Brazil"
145,145,"Voxar Labs - Centro de Informática, Universidade Federal de Pernambuco, Recife, Brazil"
146,146,"Voxar Labs - Centro de Informática, Universidade Federal de Pernambuco, Recife, Brazil"
147,147,"Universidade Federal Rural de Pernambuco, Recife, PE, BR"
148,148,"Voxar Labs - Centro de Informática, Universidade Federal de Pernambuco, Recife, Brazil"
149,149,"Projeto de P&D CIn/Samsung, Universidade Federal de Pernambuco, Recife, Brazil"
150,150,"Universidade Federal de Pernambuco, Recife, PE, BR"
151,151,"Centro de Informática, Universidade Federal de Pernambuco, Recife, Brazil"
152,152,"Samsung Instituto de Desenvolvimento para a Informática, Campinas, Brazil"
153,153,"Federal University of Technology, Paraná"
154,154,University of São Paulo
155,155,"Electrical Engineering Department, University of São Paulo, São Paulo, Brazil"
156,156,"School of Arts, Sciences and Humanities, University of São Paulo, São Paulo, Brazil"
157,157,"Cardiology and Pulmonary Division of Heart Institute, University of São Paulo, São Paulo, Brazil"
158,158,"School of Arts, Sciences and Humanities, University of São Paulo, São Paulo, Brazil"
159,159,"Departamento de Informtica, Pontifícia Universidade Católica do Rio de Janeiro, Rio de Janeiro, Brazil"
160,160,"Departamento de Informtica, Pontifícia Universidade Católica do Rio de Janeiro, Rio de Janeiro, Brazil"
161,161,"ICMC - Universidade de São Paulo, São Paulo, Brasil"
162,162,"ICMC - Universidade de São Paulo, São Paulo, Brasil"
163,163,"Departamento de Matemática, Universidade Federal do Espírito Santo, Espírito Santo, Brasil"
164,164,"New York University, New York, NY, US"
165,165,"Institue of Mathematics and Statistics, University of São Paulo"
166,166,"Institue of Mathematics and Statistics, University of São Paulo"
167,167,"Johann Bernoulli Institute, University of Groningen"
168,168,"Instituto de Ciências Matemáticas e de Computação, University of São Paulo, São Carlos, SP, Brazil"
169,169,"Instituto de Ciências Matemáticas e de Computação, University of São Paulo, São Carlos, SP, Brazil"
170,170,"Department of Computer Science and Statistics (DCCE), São Paulo State University (UNESP), São Paulo, Brazil"
171,171,"Department of Computer Science and Statistics (DCCE), São Paulo State University (UNESP), São Paulo, Brazil"
172,172,"Universidade Federal de Uberlandia, Uberlandia, MG, BR"
173,173,"Center of Mathematics, Computing and Cognition, Federal University of ABC, Santo André, Uberlândia, Brazil"
174,174,"Federal Institute of Triangulo Mineiro (IFTM), Ituiutaba, Minas Gerais, Brazil"
175,175,"Faculty of Computation (FACOM), Federal University of Uberlândia (UFU), Uberlândia, Minas Gerais, Brazil"
176,176,"ICMC, University of São Paulo, São Carlos, Brazil"
177,177,"ICMC, University of São Paulo, São Carlos, Brazil"
178,178,"ICMC, University of São Paulo, São Carlos, Brazil"
179,179,"ICMC, University of São Paulo, São Carlos, Brazil"
180,180,"Institute of Computing, University of Campinas, Campinas, Brazil"
181,181,"Institute of Computing, University of Campinas, Campinas, Brazil"
182,182,"Institute of Mathematical and Computer Sciences, University of São Paulo, São Carlos, Brazil"
183,183,"Institute of Computing, University of Campinas, Campinas, Brazil"
184,184,"Institute of Computing University of Campinas, Campinas, Brazil"
185,185,"Department of Mathematics and Computing Science, University of Groningen, Groningen, the Netherlands"
186,186,"Institute of Computing University of Campinas, Campinas, Brazil"
187,187,"Intelligent Vision Research Lab, Federal University of Bahia"
188,189,"Intelligent Vision Research Lab, Federal University of Bahia"
189,190,"Intelligent Vision Research Lab, Federal University of Bahia"
190,191,Southeast State University of Bahia
191,192,"Intelligent Vision Research Lab, Federal University of Bahia"
192,193,"Institute of Computing, University of Campinas, Campinas, SP, Brazil"
193,194,"Institute of Computing, University of Campinas, Campinas, SP, Brazil"
194,195,"Dept. of Electronics and Telecommunication Engineering, Jadavpur University, Kolkata, India"
195,196,"Laboratory of Image Data Science, University of Campinas"
196,197,"Laboratory of Image Data Science, University of Campinas"
197,198,"Universidade de Sao Paulo, Sao Paulo, São Paulo, BR"
198,199,"Universidade de Sao Paulo, Sao Paulo, São Paulo, BR"
199,200,"Universidade de Sao Paulo, Sao Paulo, São Paulo, BR"
200,201,"Federal University of Technology, Parana, Brazil"
201,202,"Amanda Canestraro and Rafael Wagner, Institutos Lactec, Brazil"
202,203,"Amanda Canestraro and Rafael Wagner, Institutos Lactec, Brazil"
203,204,"Inst. Lactec, Curitiba, Brazil"
204,205,"Inst. Lactec, Curitiba, Brazil"
205,206,"Companhia Paranaense de, Energia, Brazil"
206,207,"Universidade de Sao Paulo, Sao Paulo, São Paulo, BR"
207,208,"Universidade de Sao Paulo, Sao Paulo, São Paulo, BR"
208,209,"Universidade de Sao Paulo, Sao Paulo, São Paulo, BR"
209,210,"Instituto de Ciência e Tecnologia, Universidade Federal de São Paulo - UNIFESP, São José dos Campos, SP, Brazil"
210,211,"Advanced Technologies SAMSUNG Research Institute, Campinas, SP, Brazil"
211,212,"Instituto de Ciência e Tecnologia, Universidade Federal de São Paulo - UNIFESP, São José dos Campos, SP, Brazil"
212,213,"Brazilian Federal Police, Belo Horizonte, Minas Gerais, Brazil"
213,214,"CPqD - Image and Speech Processing Management, Campinas, São Paulo, Brazil"
214,215,"Department of Computer Science, Universidade Federal de Minas Gerais, Brazil"
215,216,"GIBIS - Instituto de Ciência e Tecnologia Universidade Federal de São Paulo, São José dos Campos, SP, Brazil"
216,217,"GIBIS - Instituto de Ciência e Tecnologia Universidade Federal de São Paulo, São José dos Campos, SP, Brazil"
217,218,"GIBIS - Instituto de Ciência e Tecnologia Universidade Federal de São Paulo, São José dos Campos, SP, Brazil"
218,219,"Information Sciences Institute (ISI), University of Southern California (USC), Marina del Rey, CA, USA"
219,220,"Information Sciences Institute (ISI), University of Southern California (USC), Marina del Rey, CA, USA"
220,221,"The Open University of Israel, Raanana, Israel"
221,222,"Information Sciences Institute (ISI), University of Southern California (USC), Marina del Rey, CA, USA"
222,223,"University of Beira Interior, IT: Instituto de Telecomunicações, Covilhã, Portugal"
223,224,"Tomiworld®, Viseu, Portugal"
