id,id_author,university
0,0,"UFRGS Universidade Federal do Rio Grande do Sul, Porto Alegre, Rio Grande do Sul, Brazil"
1,1,"Ciências Exatas e Tecnológicas, UNISINOS-Universidade do Vale do Rio dos Sinos, Sao Leopoldo, Rio Grande do Sul, Brazil"
2,2,"Departamento de Engenharia Elétrica, Universidade de Brasília, Brasília, DF, Brasil"
3,3,"Departamento de Engenharia Elétrica, Universidade de Brasília, Brasília, DF, Brasil"
4,4,"Departamento de Engenharia Elétrica, Universidade de Brasília, Brasília, DF, Brasil"
5,4,"Universidade de Brasilia, Brasilia, DF, BR"
6,5,"Departamento de Engenharia Eletrica, Brasilia Univ., Brazil"
7,6,"Departamento de Engenharia Elétrica, Universidade de Brasília, Brasília, DF, Brasil"
8,7,"Universidade Federal de Minas Gerais Av. Antônio Carlos, Belo Horizonte, MG, Brazil"
9,8,"Universidade Federal de Minas Gerais Av. Antônio Carlos, Belo Horizonte, MG, Brazil"
10,9,"Universidade Federal de Minas Gerais Av. Antônio Carlos, Belo Horizonte, MG, Brazil"
11,10,"Universidade Federal de Minas Gerais Av. Antônio Carlos, Belo Horizonte, MG, Brazil"
12,11,"Universidade Federal de Minas Gerais Av. Antônio Carlos, Belo Horizonte, MG, Brazil"
13,12,"Universidade Federal de Minas Gerais Av. Antônio Carlos, Belo Horizonte, MG, Brazil"
14,12,"Universidade Federal de Minas Gerais, Belo Horizonte, MG, BR"
15,13,"Univ. Fed. de Minas Gerais, Belo Horizonte, Brazil"
16,14,"Universidade Federal de Minas Gerais Av. Antônio Carlos, Belo Horizonte, MG, Brazil"
17,15,"Department de Tecnologia da Informação, Universidade Federal de Alagoas, Maceio, Alagoas, Brazil"
18,16,"Department de Tecnologia da Informação, Universidade Federal de Alagoas, Maceio, Alagoas, Brazil"
19,17,"Department de Tecnologia da Informação, Universidade Federal de Alagoas, Maceio, Alagoas, Brazil"
20,18,"Department of Physiology and Biophysics, Mayo Clinic College of Medicine, Rochester, MN, USA"
21,19,"Department of Physiology and Biophysics, Mayo Clinic College of Medicine, Rochester, MN, USA"
22,20,"Department of Physiology and Biophysics, Mayo Clinic College of Medicine, Rochester, MN, USA"
23,21,"ADETTI/ISCTE, Associaçcãao para o Desenvolvimento das TelecomunicaçcMoes e Téecnicas de Informáatica, Edifíicio ISCTE, Lisboa, Portugal"
24,22,"ADETTI/ISCTE, Associaçcãao para o Desenvolvimento das TelecomunicaçcMoes e Téecnicas de Informáatica, Edifíicio ISCTE, Lisboa, Portugal"
25,23,"ADETTI/ISCTE, Associaçcãao para o Desenvolvimento das TelecomunicaçcMoes e Téecnicas de Informáatica, Edifíicio ISCTE, Lisboa, Portugal"
26,24,"ADETTI/ISCTE, Associaçcãao para o Desenvolvimento das TelecomunicaçcMoes e Téecnicas de Informáatica, Edifíicio ISCTE, Lisboa, Portugal"
27,25,"LPDS-Digital Signal Processing Research Laboratory-Department of Electrical Engineering, Federal University of Santa Catarina, Santa Catarina, Brazil"
28,26,"LPDS-Digital Signal Processing Research Laboratory-Department of Electrical Engineering, Federal University of Santa Catarina, Santa Catarina, Brazil"
29,27,"Universidade Federal de Uberlândia, Brazil"
30,28,"Universidade Federal de Uberlândia, Brazil"
31,29,"Universidade Federal de Uberlândia, Uberlandia, Minas Gerais, Brazil"
32,30,"Universidade Federal de Uberlândia, Uberlandia, Minas Gerais, Brazil"
33,31,"DCA, UNICAMP, Campinas, SP, Brazil"
34,31,"DCC - CCT—Centro de Ciências Tecnológicas - UDESC, Joinville, SC, Brazil"
35,31,"Universidade Estadual de Campinas, Campinas, SP, BR"
36,32,"DCA, UNICAMP, Campinas, Brazil"
37,33,"Institute of Computing, State University of Campinas, Sao Paulo, Brazil"
38,34,"Institute of Computing, State University of Campinas, Sao Paulo, Brazil"
39,35,"Institute of Computing, State University of Campinas, Sao Paulo, Brazil"
40,36,"Ciéncias Exatas e Tecnológicas, UNISINOS-Universidade do Vale do Rio dos Sinos, Sao Leopoldo, Rio Grande do Sul, Brazil"
41,37,"Ciéncias Exatas e Tecnológicas, UNISINOS-Universidade do Vale do Rio dos Sinos, Sao Leopoldo, Rio Grande do Sul, Brazil"
42,38,"Coordenação de Pós-Graduação em Engenharia Elétrica, UFCG - Universidade Federal de Campina Grande, Campina Grande, PB, Brazil"
43,39,"UFCG Universidade Federal de Campina Grande, Curitiba, Parana, Brazil"
44,39,"PUCPR - Pontificia Universidade Catolica do Parana, Curitiba, PR, Brazil"
45,41,"Coordenação de Pós-Graduação em Engenharia Elétrica, UFCG - Universidade Federal de Campina Grande, Campina Grande, PB, Brazil"
46,42,"Éts - Ecole de Technologie Superieure, Montreal, QC, Canada"
47,43,"Rua Imaculada Conceição, Pontíficia Universidade Católica do Paraná PUCPR, Curitiba, Parana, Brazil"
48,44,"Rua Imaculada Conceição, Pontíficia Universidade Católica do Paraná PUCPR, Curitiba, Parana, Brazil"
49,45,"DCC Departamento de Ciência da Computação, Universidade Federal de Minas Gerais, Belo Horizonte, Minas Gerais, Brazil"
50,46,"FCEyN, Departamento de Computación, Universidad de Buenos Aires, Buenos Aires, Argentina"
51,47,"FCEyN, Departamento de Computación, Universidad de Buenos Aires, Buenos Aires, Argentina"
52,48,"FCEyN, Departamento de Computación, Universidad de Buenos Aires, Buenos Aires, Argentina"
53,49,"FCEyN, Departamento de Computación, Universidad de Buenos Aires, Buenos Aires, Argentina"
54,50,"Instituto de Física de São Carlos, Universidade de Sáo Paulo, Sao Paulo, Brazil"
55,51,"Instituto de Física de São Carlos, Universidade de Sáo Paulo, Sao Paulo, Brazil"
56,52,"Departamento de Computação, Universidade Federal de São Carlos, Sao Paulo, Brazil"
57,53,"UNISINOS Universidade do Vale do Rio dos Sinos, Sao Leopoldo, Rio Grande do Sul, Brazil"
58,54,"UNISINOS Universidade do Vale do Rio dos Sinos, Sao Leopoldo, Rio Grande do Sul, Brazil"
59,55,"Campinas - UNICAMP, Campinas, Brazil"
60,56,"UNICAMP - State University of Campinas, Campinas, São Paulo, Brazil"
61,57,"Faculty of Electrical and Computer Engin., State University of Campinas-UNICAMP, Sao Paulo, Brazil"
62,58,"Faculty of Electrical and Computer Engin., State University of Campinas-UNICAMP, Sao Paulo, Brazil"
63,59,"Institute of Computing, State University of Campinas-UNICAMP, Sao Paulo, Brazil"
64,60,"Departamento de Ciência da Computação, Univ. Federal de Minas Gerais, Belo Horizonte, MG, Brazil"
65,61,"Centro de Desenv. da Tecnologia Nuclear, Belo Horizonte, MG"
66,62,"Departamento de Ciência da Computação, Univ. Federal de Minas Gerais, Belo Horizonte, MG, Brazil"
67,64,"Department of Informatics, State University of Maringá, Maringá, PR, Brazil"
68,65,"Department of Informatics, State University of Maringá, Maringá, PR, Brazil"
69,67,"Universidade de Fortaleza (Unifor), Fortaleza, Brazil"
70,68,"IME-Instituto de Matemática e Estatística, USP-Universidade de São Paulo, Sao Paulo, Brazil"
71,69,"IME-Instituto de Matemática e Estatística, USP-Universidade de São Paulo, Sao Paulo, Brazil"
72,70,"IME-Instituto de Matemática e Estatística, USP-Universidade de São Paulo, Sao Paulo, Brazil"
73,71,"Departamento de Informática, Centro Federal de Educação Tecnológica, Manaus, Brazil"
74,72,"Departamento de Ciência da Computação, Universidade Federal de Minas Gerais, Belo Horizonte, Minas Gerais, Brazil"
75,73,"Departamento de Ciência da Computação, Universidade Federal de Minas Gerais, Belo Horizonte, Minas Gerais, Brazil"
76,74,"Departamento de Ciência da Computação, Universidade Federal de Minas Gerais, Belo Horizonte, Minas Gerais, Brazil"
77,75,"Departamento de Ciência da Computação, Universidade Federal de Minas Gerais, Belo Horizonte, Minas Gerais, Brazil"
78,76,"Departamento de Ciência da Computação, Universidade Federal de Minas Gerais, Belo Horizonte, Minas Gerais, Brazil"
79,77,"Departamento de Ciência da Computação, Universidade Federal de Minas Gerais, Belo Horizonte, Minas Gerais, Brazil"
80,78,"Instituto de Computação, Universidade Federal Fluminense, Niteroi, Rio de Janeiro, Brazil"
81,78,"Pós-Graduação em Informática Aplicada, Pontifícia Universidade Católica do Paraná, Curitiba, Parana, Brazil"
82,79,"Instituto de Computação, Universidade Federal Fluminense, Niteroi, Rio de Janeiro, Brazil"
83,80,"Laboratório Visgraf, IMPA Instituto Nacional de Matemática Pura e Aplicada, Rio de Janeiro, Rio de Janeiro, Brazil"
84,81,"Instituto de Computação, Universidade Federal Fluminense, Niteroi, Rio de Janeiro, Brazil"
85,82,"Laboratório Visgraf, IMPA Instituto Nacional de Matemática Pura e Aplicada, Rio de Janeiro, Rio de Janeiro, Brazil"
86,83,"IT-Networks and Multimedia Group, Department of Computer Science and Engineering, University of Beira Interior, Portugal"
87,84,"IT-Networks and Multimedia Group, Department of Computer Science and Engineering, University of Beira Interior, Portugal"
88,85,"IMPA Instituto Nacional de Matemàtica Pura e Aplicada Estrada Dona Castorina, Rio de Janeiro, Rio de Janeiro, Brazil"
89,86,"IMPA Instituto Nacional de Matemàtica Pura e Aplicada Estrada Dona Castorina, Rio de Janeiro, Rio de Janeiro, Brazil"
90,87,"IMPA Instituto Nacional de Matemàtica Pura e Aplicada Estrada Dona Castorina, Rio de Janeiro, Rio de Janeiro, Brazil"
91,88,"Departamento de Matemática, PUC-Rio, Rio de Janeiro, Brazil"
92,88,"Géométrica Project, INRIA, Sophia-Antipolis, France"
93,89,"Departamento de Matemática, PUC-Rio, Rio de Janeiro, Brazil"
94,90,"GVU Center, GaTech, Atlanta, USA"
95,91,"Departamento de Matemática, PUC-Rio, Rio de Janeiro, Brazil"
96,92,UFRJ - Universidade Federal do Rio de Janeiro
97,93,UFRJ - Universidade Federal do Rio de Janeiro
98,94,UFRJ - Universidade Federal do Rio de Janeiro
99,95,"Departamento de Matemática, PUC-Rio, Rio de Janeiro, Brazil"
100,95,"Géométrica Project, INRIA, Sophia-Antipolis, France"
101,96,"Laboratório Visgraf, IMPA, Rio de Janeiro, Brazil"
102,97,"Departamento de Matemática, PUC-Rio, Rio de Janeiro, Brazil"
103,98,"Laboratório Visgraf, IMPA, Rio de Janeiro, Brazil"
104,99,"School of CIS, University of South Alabama, AL, USA"
105,100,"SL Technologies, Biloxi, MS, USA"
106,101,"School of CIS, University of South Alabama, AL, USA"
107,102,"Departamento de Matemática, PUC-Rio, Rio de Janeiro, Brazil"
108,102,"Géométrica Project, INRIA, Sophia-Antipolis, France"
109,103,"Departamento de Matemática, PUC-Rio, Rio de Janeiro, Brazil"
110,104,"Departamento de Matemática, PUC-Rio, Rio de Janeiro, Brazil"
111,105,"Departamento de Matemática, PUC-Rio, Rio de Janeiro, Brazil"
112,106,"COPPE/Universidade Federal do Rio de Janeiro, Brazil"
113,106,"Universidade Federal do Rio de Janeiro, Rio de Janeiro, RJ, BR"
114,107,"COPPE, Univ. Fed. do Rio de Janeiro, Brazil"
115,108,"COPPE/Universidade Federal do Rio de Janeiro, Brazil"
116,109,"COPPE/Universidade Federal do Rio de Janeiro, Brazil"
117,110,"Department of Information Systems and Computer Engineering, Technical University of Lisbon R. Alves Redol, Lisbon, PORTUGAL"
118,111,"Department of Information Systems and Computer Engineering, Technical University of Lisbon R. Alves Redol, Lisbon, PORTUGAL"
119,112,"Electrical and Computer Engineering Faculty, State University of Campinas, Sao Paulo, Brazil"
120,113,"Departament of Mathematics and Statistics, Federal University of Campina Grande, Campina Grande, Paraiba, Brazil"
121,114,"ICAD/IGames/VisionLab, Department of Computer Science, PUC-Rio, Brazil"
122,115,"ICAD/IGames/VisionLab, Department of Computer Science, PUC-Rio, Brazil"
123,116,"ICAD/IGames/VisionLab, Department of Computer Science, PUC-Rio, Brazil"
124,117,"ICAD/IGames/VisionLab, Department of Computer Science, PUC-Rio, Brazil"
125,118,"Tecgraf-Computer Science Department, PUC-Rio, Rio de Janeiro, Rio de Janeiro, Brazil"
126,119,"Tecgraf-Computer Science Department, PUC-Rio, Rio de Janeiro, Rio de Janeiro, Brazil"
127,120,"Tecgraf-Computer Science Department, PUC-Rio, Rio de Janeiro, Rio de Janeiro, Brazil"
128,121,"Tecgraf-Computer Science Department, PUC-Rio, Rio de Janeiro, Rio de Janeiro, Brazil"
129,122,"Instituto de Informática, UFRGS, Brazil"
130,123,"Instituto de Informática, UFRGS, Brazil"
131,124,"Instituto de Informática, UFRGS, Brazil"
132,125,"Instituto de Informática, UFRGS, Brazil"
133,126,"Instituto de Informática, UFRGS, Brazil"
134,127,"Instituto de Informática, UFRGS, Brazil"
135,128,"University of California, Santa Barbara, USA"
136,129,"Mitsubishi Electric Research Laboratories, USA"
137,130,"Mitsubishi Electric Research Laboratories, USA"
138,131,"University of California, Santa Barbara, USA"
139,132,"Departament de Llenguatges i Sistemes Informàtics, Universitat Politecnica de Catalunya, Barcelona, Spain"
140,133,"Departament de Llenguatges i Sistemes Informàtics, Universitat Politecnica de Catalunya, Barcelona, Spain"
141,134,"Mestrado em Informática Aplicada Centro de Ciências Tecnológicas, Universidade de Fortaleza (UNIFOR), Fortaleza, Ceara, Brazil"
142,135,"Mestrado em Informática Aplicada Centro de Ciências Tecnológicas, Universidade de Fortaleza (UNIFOR), Fortaleza, Ceara, Brazil"
143,136,"Bacharelado em Informática Centro de Ciências Tecnológicas, Universidade de Fortaleza (UNIFOR), Fortaleza, Ceara, Brazil"
144,137,"Instituto de Ciências Matemáticas e Computação, Universidade de Sáo Paulo, Sao Paulo, Brazil"
145,138,"Instituto de Ciências Matemáticas e Computação, Universidade de Sáo Paulo, Sao Paulo, Brazil"
146,139,"PIPCA-Mestrado em Computação Aplicada, UNISINOS, Brazil"
147,140,"PIPCA-Mestrado em Computação Aplicada, UNISINOS, Brazil"
148,141,"Estrada Dona Castorina, IMPA-Instituto Nacional de Matemática Pura e Aplicada, Rio de Janeiro, Rio de Janeiro, Brazil"
149,142,"Estrada Dona Castorina, IMPA-Instituto Nacional de Matemática Pura e Aplicada, Rio de Janeiro, Rio de Janeiro, Brazil"
150,143,"Estrada Dona Castorina, IMPA-Instituto Nacional de Matemática Pura e Aplicada, Rio de Janeiro, Rio de Janeiro, Brazil"
151,144,"Dept. of Systems Engineering and Computer Sciences - COPPE/UFRJ, Rio de Janeiro, R.J., Brazil"
152,145,"Dept. of Systems Engineering and Computer Sciences - COPPE/UFRJ, Rio de Janeiro, R.J., Brazil"
153,146,"Dept. of Systems Engineering and Computer Sciences - COPPE/UFRJ, Rio de Janeiro, R.J., Brazil"
154,147,"Dept. of Systems Engineering and Computer Sciences - COPPE/UFRJ, Rio de Janeiro, R.J., Brazil"
155,148,"Visgraf Laboratory, IMPAGÇôInstituto de Matemática Pura e Aplicada, Rio de Janeiro, Rio de Janeiro, Brazil"
156,149,"Visgraf Laboratory, IMPAGÇôInstituto de Matemática Pura e Aplicada, Rio de Janeiro, Rio de Janeiro, Brazil"
157,150,"Department of Mathematics, MatMídia Lab, Pontificia Universidade Católica, Rio de Janeiro, Rio de Janeiro, Brazil"
158,151,"UNICAMP, Universidade Estadual de Campinas, Sao Paulo, Brazil"
159,152,"Gallaudet Research Institute, Gallaudet University, Washington D.C., DC, USA"
160,153,"Estrada Dona Castorina, 110, IMPA-Instituto de Matemática Pura e Aplicada, Rio de Janeiro, Rio de Janeiro, Brazil"
161,154,"Department of Computer Science, North Carolina State University, Chapel Hill, NC, USA"
162,155,"Department of Computer Science, North Carolina State University, Chapel Hill, NC, USA"
163,156,"Department of Computer Science, North Carolina State University, Chapel Hill, NC, USA"
164,157,"Department of Computer Science, North Carolina State University, Chapel Hill, NC, USA"
165,158,"Department of Computer Science, North Carolina State University, Chapel Hill, NC, USA"
166,159,"IMPA-Instituto Nacional de Matemática Pura e Aplicada, Rio de Janeiro, Rio de Janeiro, Brazil"
167,160,"IMPA-Instituto Nacional de Matemática Pura e Aplicada, Rio de Janeiro, Rio de Janeiro, Brazil"
168,161,"IMPA-Instituto Nacional de Matemática Pura e Aplicada, Rio de Janeiro, Rio de Janeiro, Brazil"
